outcome,bin,lower,upper,count,mean_probability,observed_frequency
H,1,0.0,0.2,24,0.16203009409301092,0.125
H,2,0.2,0.4,266,0.31856158226940895,0.30451127819548873
H,3,0.4,0.6000000000000001,360,0.49543894456601784,0.4583333333333333
H,4,0.6000000000000001,0.8,105,0.6658017478981534,0.6
H,5,0.8,1.0,5,0.8281214187200232,1.0
D,1,0.0,0.2,77,0.17608315581880676,0.2597402597402597
D,2,0.2,0.4,683,0.2431584658331287,0.2591508052708638
D,3,0.4,0.6000000000000001,0,,
D,4,0.6000000000000001,0.8,0,,
D,5,0.8,1.0,0,,
A,1,0.0,0.2,139,0.148762154491572,0.1223021582733813
A,2,0.2,0.4,440,0.29854529724474005,0.3
A,3,0.4,0.6000000000000001,169,0.47150105124756575,0.5266272189349113
A,4,0.6000000000000001,0.8,12,0.6340752588753803,0.6666666666666666
A,5,0.8,1.0,0,,
